[{"version":0,"tags":[],"shapes":[{"type":"rectangle","occluded":false,"outside":false,"z_order":0,"rotation":0.0,"points":[61.74973678153037,164.93415470943546,105.0028853267977,194.9914274273342],"frame":0,"group":0,"source":"manual","attributes":[],"elements":[],"label":"car"},{"type":"rectangle","occluded":false,"outside":false,"z_order":0,"rotation":0.0,"points":[130.6615327689051,145.50689307469656,174.647785526804,175.5641657925953],"frame":1,"group":0,"source":"manual","attributes":[],"elements":[],"label":"car"},{"type":"rectangle","occluded":false,"outside":false,"z_order":0,"rotation":0.0,"points":[183.07848397206908,168.9662278789092,229.99715358049434,199.39005270312373],"frame":1,"group":0,"source":"manual","attributes":[],"elements":[],"label":"car"},{"type":"rectangle","occluded":false,"outside":false,"z_order":0,"rotation":0.0,"points":[194.4415992678587,130.4782567157472,251.9902799594438,178.49658264311984],"frame":2,"group":0,"source":"manual","attributes":[],"elements":[],"label":"car"},{"type":"rectangle","occluded":false,"outside":false,"z_order":0,"rotation":0.0,"points":[54.418694655212676,124.2468709083787,113.43358377206096,162.3682899652249],"frame":2,"group":0,"source":"manual","attributes":[],"elements":[],"label":"car"},{"type":"rectangle","occluded":false,"outside":false,"z_order":0,"rotation":0.0,"points":[72.74629997100419,163.1013941778565,146.78982544680184,204.88833429786064],"frame":2,"group":0,"source":"manual","attributes":[],"elements":[],"label":"car"},{"type":"rectangle","occluded":false,"outside":false,"z_order":0,"rotation":0.0,"points":[18.496588236261232,195.35797953364818,120.03152168574525,266.83564026523527],"frame":2,"group":0,"source":"manual","attributes":[],"elements":[],"label":"car"},{"type":"rectangle","occluded":false,"outside":false,"z_order":0,"rotation":0.0,"points":[126.62945959943136,115.44962035679782,173.9146813141724,162.36828996522308],"frame":2,"group":0,"source":"manual","attributes":[],"elements":[],"label":"car"},{"type":"rectangle","occluded":false,"outside":false,"z_order":0,"rotation":0.0,"points":[200.3064329689132,210.02006378628175,291.577907441555,263.17011920207733],"frame":2,"group":0,"source":"manual","attributes":[],"elements":[],"label":"car"},{"type":"rectangle","occluded":false,"outside":false,"z_order":0,"rotation":0.0,"points":[53.319038336265294,91.99028555258519,85.94217579837459,129.3786003967998],"frame":3,"group":0,"source":"manual","attributes":[],"elements":[],"label":"car"},{"type":"rectangle","occluded":false,"outside":false,"z_order":0,"rotation":0.0,"points":[180.87917133417432,152.83793520101244,230.36370568681014,183.62831213154277],"frame":3,"group":0,"source":"manual","attributes":[],"elements":[],"label":"car"},{"type":"rectangle","occluded":false,"outside":false,"z_order":0,"rotation":0.0,"points":[159.61914916785463,103.35340084837662,181.2457234404883,151.00517466943347],"frame":3,"group":0,"source":"manual","attributes":[],"elements":[],"label":"car"},{"type":"rectangle","occluded":false,"outside":false,"z_order":0,"rotation":0.0,"points":[117.0991048352189,96.75546293469051,140.55843963943153,133.41067356627354],"frame":3,"group":0,"source":"manual","attributes":[],"elements":[],"label":"car"},{"type":"rectangle","occluded":false,"outside":false,"z_order":0,"rotation":0.0,"points":[99.13805162574317,197.92384427785873,165.85053497522313,241.54354492944185],"frame":3,"group":0,"source":"manual","attributes":[],"elements":[],"label":"car"},{"type":"rectangle","occluded":false,"outside":false,"z_order":0,"rotation":0.0,"points":[186.01090082259543,188.76004161996389,245.3923420457595,233.1128464841786],"frame":3,"group":0,"source":"manual","attributes":[],"elements":[],"label":"car"},{"type":"rectangle","occluded":false,"outside":false,"z_order":0,"rotation":0.0,"points":[81.17699841626927,132.31101724732616,139.09223121417017,170.43243630417237],"frame":3,"group":0,"source":"manual","attributes":[],"elements":[],"label":"car"},{"type":"rectangle","occluded":false,"outside":false,"z_order":0,"rotation":0.0,"points":[17.763484023629644,157.60311258311776,94.37287424363785,196.45763585259556],"frame":4,"group":0,"source":"manual","attributes":[],"elements":[],"label":"car"},{"type":"rectangle","occluded":false,"outside":false,"z_order":0,"rotation":0.0,"points":[143.8574085962755,115.44962035679782,193.3419429489113,148.43930992522291],"frame":4,"group":0,"source":"manual","attributes":[],"elements":[],"label":"car"},{"type":"rectangle","occluded":false,"outside":false,"z_order":0,"rotation":0.0,"points":[54.78524676152847,109.95133876206091,110.13461481521881,139.64205937364204],"frame":4,"group":0,"source":"manual","attributes":[],"elements":[],"label":"car"},{"type":"rectangle","occluded":false,"outside":false,"z_order":0,"rotation":0.0,"points":[52.9524862299495,125.34652722732608,112.70047955942937,163.1013941778565],"frame":4,"group":0,"source":"manual","attributes":[],"elements":[],"label":"car"},{"type":"rectangle","occluded":false,"outside":false,"z_order":0,"rotation":0.0,"points":[204.70505824470274,133.04412145995775,253.08993627839118,172.99830104838293],"frame":4,"group":0,"source":"manual","attributes":[],"elements":[],"label":"car"},{"type":"rectangle","occluded":false,"outside":false,"z_order":0,"rotation":0.0,"points":[135.4267101510104,190.59280215154286,177.58020237733035,281.49772451786885],"frame":4,"group":0,"source":"manual","attributes":[],"elements":[],"label":"car"},{"type":"rectangle","occluded":false,"outside":false,"z_order":0,"rotation":0.0,"points":[259.3213220857615,71.8299197052147,314.67069013945184,105.91926559258718],"frame":5,"group":0,"source":"manual","attributes":[],"elements":[],"label":"car"},{"type":"rectangle","occluded":false,"outside":false,"z_order":0,"rotation":0.0,"points":[210.56989194575544,171.53209262311975,270.6844373815511,240.07733650417867],"frame":5,"group":0,"source":"manual","attributes":[],"elements":[],"label":"car"},{"type":"rectangle","occluded":false,"outside":false,"z_order":0,"rotation":0.0,"points":[85.94217579837459,36.64091749889485,112.33392745311357,98.58822346626948],"frame":6,"group":0,"source":"manual","attributes":[],"elements":[],"label":"car"},{"type":"rectangle","occluded":false,"outside":false,"z_order":0,"rotation":0.0,"points":[56.251455186791645,146.60654939364395,118.19876115416628,186.19417687575333],"frame":6,"group":0,"source":"manual","attributes":[],"elements":[],"label":"car"},{"type":"rectangle","occluded":false,"outside":false,"z_order":0,"rotation":0.0,"points":[177.21365027101456,41.03954277468438,208.37057930786068,101.52064031679583],"frame":6,"group":0,"source":"manual","attributes":[],"elements":[],"label":"car"}],"tracks":[]}]