[{"version":0,"tags":[],"shapes":[{"type":"rectangle","occluded":false,"outside":false,"z_order":0,"rotation":0.0,"points":[114.89979219732413,140.74171569259124,155.2205238920651,167.50001945364602],"frame":0,"group":0,"source":"manual","attributes":[],"elements":[],"label":"car"},{"type":"rectangle","occluded":false,"outside":false,"z_order":0,"rotation":0.0,"points":[172.81502499522503,137.80929884206307,218.6340382847029,168.2331236662776],"frame":0,"group":0,"source":"manual","attributes":[],"elements":[],"label":"car"},{"type":"rectangle","occluded":false,"outside":false,"z_order":0,"rotation":0.0,"points":[169.88260814469868,177.03037421785666,217.90093407207132,208.18730325470278],"frame":0,"group":0,"source":"manual","attributes":[],"elements":[],"label":"car"},{"type":"rectangle","occluded":false,"outside":false,"z_order":0,"rotation":0.0,"points":[114.89979219732413,186.19417687575333,160.35225338048622,216.25144959365207],"frame":0,"group":0,"source":"manual","attributes":[],"elements":[],"label":"car"},{"type":"rectangle","occluded":false,"outside":false,"z_order":0,"rotation":0.0,"points":[194.4415992678587,195.35797953364818,246.4919983647069,227.2480127831259],"frame":1,"group":0,"source":"manual","attributes":[],"elements":[],"label":"car"},{"type":"rectangle","occluded":false,"outside":false,"z_order":0,"rotation":0.0,"points":[63.94904941942514,141.84137201153862,107.93530217732405,171.16554051680396],"frame":1,"group":0,"source":"manual","attributes":[],"elements":[],"label":"car"},{"type":"rectangle","occluded":false,"outside":false,"z_order":0,"rotation":0.0,"points":[80.81044630995166,82.09337868205876,122.5973864299558,113.25030771890488],"frame":1,"group":0,"source":"manual","attributes":[],"elements":[],"label":"car"},{"type":"rectangle","occluded":false,"outside":false,"z_order":0,"rotation":0.0,"points":[170.98226446364606,102.25374452942924,212.03610037101862,128.64549618416822],"frame":1,"group":0,"source":"manual","attributes":[],"elements":[],"label":"car"},{"type":"rectangle","occluded":false,"outside":false,"z_order":0,"rotation":0.0,"points":[232.5630183247049,135.24343409785251,280.94789635839334,168.5996757725934],"frame":1,"group":0,"source":"manual","attributes":[],"elements":[],"label":"car"},{"type":"rectangle","occluded":false,"outside":false,"z_order":0,"rotation":0.0,"points":[142.7577522773281,144.0406846494334,191.14263031101655,177.76347843049007],"frame":1,"group":0,"source":"manual","attributes":[],"elements":[],"label":"car"},{"type":"rectangle","occluded":false,"outside":false,"z_order":0,"rotation":0.0,"points":[70.54698733310943,184.36141634417436,117.46565694153469,215.1517932747047],"frame":1,"group":0,"source":"manual","attributes":[],"elements":[],"label":"car"},{"type":"rectangle","occluded":false,"outside":false,"z_order":0,"rotation":0.0,"points":[247.59165468365427,182.89520791891118,298.9089495678709,214.0521369557573],"frame":1,"group":0,"source":"manual","attributes":[],"elements":[],"label":"car"},{"type":"rectangle","occluded":false,"outside":false,"z_order":0,"rotation":0.0,"points":[227.43128883628378,75.49544076837265,275.4496147636564,104.08650506100639],"frame":1,"group":0,"source":"manual","attributes":[],"elements":[],"label":"car"},{"type":"rectangle","occluded":false,"outside":false,"z_order":0,"rotation":0.0,"points":[64.68215363205672,142.941028330486,108.66840638995563,171.89864472943555],"frame":2,"group":0,"source":"manual","attributes":[],"elements":[],"label":"car"},{"type":"rectangle","occluded":false,"outside":false,"z_order":0,"rotation":0.0,"points":[249.05786310891745,182.89520791891118,298.54239746155326,214.4186890620731],"frame":2,"group":0,"source":"manual","attributes":[],"elements":[],"label":"car"},{"type":"rectangle","occluded":false,"outside":false,"z_order":0,"rotation":0.0,"points":[171.71536867627765,101.52064031679765,211.66954826470283,129.01204829048402],"frame":2,"group":0,"source":"manual","attributes":[],"elements":[],"label":"car"},{"type":"rectangle","occluded":false,"outside":false,"z_order":0,"rotation":0.0,"points":[196.27435979943766,194.6248753210166,247.22510257733848,227.61456488944168],"frame":2,"group":0,"source":"manual","attributes":[],"elements":[],"label":"car"},{"type":"rectangle","occluded":false,"outside":false,"z_order":0,"rotation":0.0,"points":[70.91353943942522,184.36141634417436,118.56531326048207,216.25144959365207],"frame":2,"group":0,"source":"manual","attributes":[],"elements":[],"label":"car"},{"type":"rectangle","occluded":false,"outside":false,"z_order":0,"rotation":0.0,"points":[233.2961225373365,134.87688199153672,280.94789635839334,168.2331236662776],"frame":2,"group":0,"source":"manual","attributes":[],"elements":[],"label":"car"},{"type":"rectangle","occluded":false,"outside":false,"z_order":0,"rotation":0.0,"points":[195.90780769312187,195.72453163996397,247.22510257733848,227.2480127831259],"frame":3,"group":0,"source":"manual","attributes":[],"elements":[],"label":"car"},{"type":"rectangle","occluded":false,"outside":false,"z_order":0,"rotation":0.0,"points":[144.22396070259128,143.6741325431176,191.14263031101655,175.9307178989111],"frame":3,"group":0,"source":"manual","attributes":[],"elements":[],"label":"car"},{"type":"rectangle","occluded":false,"outside":false,"z_order":0,"rotation":0.0,"points":[64.31560152574093,142.5744762241702,109.40151060258722,171.16554051680396],"frame":3,"group":0,"source":"manual","attributes":[],"elements":[],"label":"car"},{"type":"rectangle","occluded":false,"outside":false,"z_order":0,"rotation":0.0,"points":[231.09680989944172,135.24343409785251,280.58134425207754,168.5996757725934],"frame":3,"group":0,"source":"manual","attributes":[],"elements":[],"label":"car"},{"type":"rectangle","occluded":false,"outside":false,"z_order":0,"rotation":0.0,"points":[161.45190969943542,177.03037421785666,211.66954826470464,206.354542723122],"frame":4,"group":0,"source":"manual","attributes":[],"elements":[],"label":"car"},{"type":"rectangle","occluded":false,"outside":false,"z_order":0,"rotation":0.0,"points":[236.59509149417863,164.93415470943546,289.3785948036584,195.35797953365],"frame":5,"group":0,"source":"manual","attributes":[],"elements":[],"label":"car"},{"type":"rectangle","occluded":false,"outside":false,"z_order":0,"rotation":0.0,"points":[239.1609562383892,160.90208153996173,288.2789384847092,192.79211478943944],"frame":6,"group":0,"source":"manual","attributes":[],"elements":[],"label":"car"},{"type":"rectangle","occluded":false,"outside":false,"z_order":0,"rotation":0.0,"points":[238.0612999194418,149.1724141378545,286.81273005944604,180.69589528101642],"frame":7,"group":0,"source":"manual","attributes":[],"elements":[],"label":"car"},{"type":"rectangle","occluded":false,"outside":false,"z_order":0,"rotation":0.0,"points":[182.3000000000011,152.4716796875,206.17095375061035,207.45449563487455],"frame":8,"group":0,"source":"manual","attributes":[],"elements":[],"label":"car"},{"type":"rectangle","occluded":false,"outside":false,"z_order":0,"rotation":0.0,"points":[250.15751942786483,149.1724141378545,276.9158231889196,212.5859285304923],"frame":8,"group":0,"source":"manual","attributes":[],"elements":[],"label":"car"},{"type":"rectangle","occluded":false,"outside":false,"z_order":0,"rotation":0.0,"points":[61.74973678153037,166.40036313469864,105.0028853267977,194.6248753210166],"frame":9,"group":0,"source":"manual","attributes":[],"elements":[],"label":"car"},{"type":"rectangle","occluded":false,"outside":false,"z_order":0,"rotation":0.0,"points":[207.2709229889133,155.0372478389072,257.12200944786673,185.82762476943753],"frame":10,"group":0,"source":"manual","attributes":[],"elements":[],"label":"car"},{"type":"rectangle","occluded":false,"outside":false,"z_order":0,"rotation":0.0,"points":[110.13461481521881,167.50001945364602,153.75431546680193,196.09108374627976],"frame":11,"group":0,"source":"manual","attributes":[],"elements":[],"label":"car"},{"type":"rectangle","occluded":false,"outside":false,"z_order":0,"rotation":0.0,"points":[182.7119318657533,151.73827888206506,205.43816245733433,205.98799061680802],"frame":12,"group":0,"source":"manual","attributes":[],"elements":[],"label":"car"},{"type":"rectangle","occluded":false,"outside":false,"z_order":0,"rotation":0.0,"points":[185.64434871627964,144.40723675574918,210.20333983943965,200.12315691575532],"frame":13,"group":0,"source":"manual","attributes":[],"elements":[],"label":"car"},{"type":"rectangle","occluded":false,"outside":false,"z_order":0,"rotation":0.0,"points":[220.1002467099679,72.1964718115305,266.6523642120774,101.88719242311163],"frame":14,"group":0,"source":"manual","attributes":[],"elements":[],"label":"car"},{"type":"rectangle","occluded":false,"outside":false,"z_order":0,"rotation":0.0,"points":[251.9902799594438,144.77378886206498,282.7806568899741,202.68902165996587],"frame":14,"group":0,"source":"manual","attributes":[],"elements":[],"label":"car"},{"type":"rectangle","occluded":false,"outside":false,"z_order":0,"rotation":0.0,"points":[183.07848397206908,151.73827888206506,204.33850613838695,207.4541990420712],"frame":15,"group":0,"source":"manual","attributes":[],"elements":[],"label":"car"},{"type":"rectangle","occluded":false,"outside":false,"z_order":0,"rotation":0.0,"points":[48.92041306047577,157.23656047680197,79.3442378846903,217.71765801891343],"frame":16,"group":0,"source":"manual","attributes":[],"elements":[],"label":"car"},{"type":"rectangle","occluded":false,"outside":false,"z_order":0,"rotation":0.0,"points":[184.17814029101646,167.8665715599618,231.46336200575752,198.65694849049214],"frame":17,"group":0,"source":"manual","attributes":[],"elements":[],"label":"car"},{"type":"rectangle","occluded":false,"outside":false,"z_order":0,"rotation":0.0,"points":[131.02808487522088,147.70620571259133,174.647785526804,175.56416579259349],"frame":17,"group":0,"source":"manual","attributes":[],"elements":[],"label":"car"},{"type":"rectangle","occluded":false,"outside":false,"z_order":0,"rotation":0.0,"points":[3.4679518773136806,207.0876469357554,29.126599319421075,270.1346092220774],"frame":18,"group":0,"source":"manual","attributes":[],"elements":[],"label":"car"},{"type":"rectangle","occluded":false,"outside":false,"z_order":0,"rotation":0.0,"points":[55.88490308047585,127.91239197153664,88.50804054258515,165.66725892206705],"frame":18,"group":0,"source":"manual","attributes":[],"elements":[],"label":"car"},{"type":"rectangle","occluded":false,"outside":false,"z_order":0,"rotation":0.0,"points":[112.33392745311357,140.00861147995784,142.39120017101231,182.52865581259357],"frame":18,"group":0,"source":"manual","attributes":[],"elements":[],"label":"car"},{"type":"rectangle","occluded":false,"outside":false,"z_order":0,"rotation":0.0,"points":[177.94675448364615,145.87344518101236,203.60540192575354,193.891771108385],"frame":18,"group":0,"source":"manual","attributes":[],"elements":[],"label":"car"},{"type":"rectangle","occluded":false,"outside":false,"z_order":0,"rotation":0.0,"points":[48.18730884784418,260.6042544578668,133.96050172574724,316.3201746178729],"frame":18,"group":0,"source":"manual","attributes":[],"elements":[],"label":"car"},{"type":"rectangle","occluded":false,"outside":false,"z_order":0,"rotation":0.0,"points":[21.06245298047179,119.84824563258735,57.35111150573903,161.2686336462757],"frame":18,"group":0,"source":"manual","attributes":[],"elements":[],"label":"car"},{"type":"rectangle","occluded":false,"outside":false,"z_order":0,"rotation":0.0,"points":[158.15294074259145,259.8711502452352,241.72682098259975,315.2205182989255],"frame":18,"group":0,"source":"manual","attributes":[],"elements":[],"label":"car"},{"type":"rectangle","occluded":false,"outside":false,"z_order":0,"rotation":0.0,"points":[83.00975894784824,170.79898841048816,159.98570127417224,216.61800169996604],"frame":19,"group":0,"source":"manual","attributes":[],"elements":[],"label":"car"},{"type":"rectangle","occluded":false,"outside":false,"z_order":0,"rotation":0.0,"points":[61.38318467521458,83.19303500100614,92.5401137120607,116.54927667574702],"frame":19,"group":0,"source":"manual","attributes":[],"elements":[],"label":"car"},{"type":"rectangle","occluded":false,"outside":false,"z_order":0,"rotation":0.0,"points":[180.14606712154273,165.66725892206705,251.99027995944562,208.18730325470278],"frame":19,"group":0,"source":"manual","attributes":[],"elements":[],"label":"car"},{"type":"rectangle","occluded":false,"outside":false,"z_order":0,"rotation":0.0,"points":[3.4679518773136806,141.47481990522283,49.653517273107354,208.18730325470278],"frame":19,"group":0,"source":"manual","attributes":[],"elements":[],"label":"car"},{"type":"rectangle","occluded":false,"outside":false,"z_order":0,"rotation":0.0,"points":[119.66496957942945,91.6237334462694,146.42327334048423,126.07963143995767],"frame":19,"group":0,"source":"manual","attributes":[],"elements":[],"label":"car"},{"type":"rectangle","occluded":false,"outside":false,"z_order":0,"rotation":0.0,"points":[181.2457234404901,91.6237334462694,204.33850613838695,129.7451525031156],"frame":19,"group":0,"source":"manual","attributes":[],"elements":[],"label":"car"},{"type":"rectangle","occluded":false,"outside":false,"z_order":0,"rotation":0.0,"points":[27.2939453125,75.12890625,61.400000000001455,115.44963794474097],"frame":19,"group":0,"source":"manual","attributes":[],"elements":[],"label":"car"},{"type":"rectangle","occluded":false,"outside":false,"z_order":0,"rotation":0.0,"points":[61.016632568896966,84.29269131995352,95.10597845626944,128.27894407785243],"frame":20,"group":0,"source":"manual","attributes":[],"elements":[],"label":"car"},{"type":"rectangle","occluded":false,"outside":false,"z_order":0,"rotation":0.0,"points":[242.09337308891736,194.99142742733238,317.2365548836624,245.5756180989174],"frame":20,"group":0,"source":"manual","attributes":[],"elements":[],"label":"car"},{"type":"rectangle","occluded":false,"outside":false,"z_order":0,"rotation":0.0,"points":[137.25947068258938,197.55729217154294,224.13231987943982,255.47252496944384],"frame":20,"group":0,"source":"manual","attributes":[],"elements":[],"label":"car"},{"type":"rectangle","occluded":false,"outside":false,"z_order":0,"rotation":0.0,"points":[32.792120382579014,160.53552943364593,94.73942634995365,238.61112807891732],"frame":20,"group":0,"source":"manual","attributes":[],"elements":[],"label":"car"},{"type":"rectangle","occluded":false,"outside":false,"z_order":0,"rotation":0.0,"points":[222.66611145417846,104.08650506100821,252.7233841720772,147.70620571259133],"frame":20,"group":0,"source":"manual","attributes":[],"elements":[],"label":"car"},{"type":"rectangle","occluded":false,"outside":false,"z_order":0,"rotation":0.0,"points":[97.3052910941642,94.18959819047996,125.89635538679795,129.01204829048402],"frame":20,"group":0,"source":"manual","attributes":[],"elements":[],"label":"car"},{"type":"rectangle","occluded":false,"outside":false,"z_order":0,"rotation":0.0,"points":[158.51949284890725,103.71995295469242,183.44503607838305,140.00861147995965],"frame":20,"group":0,"source":"manual","attributes":[],"elements":[],"label":"car"},{"type":"rectangle","occluded":false,"outside":false,"z_order":0,"rotation":0.0,"points":[53.68559044258109,123.8803188020629,114.16668798469254,162.0017378589091],"frame":21,"group":0,"source":"manual","attributes":[],"elements":[],"label":"car"},{"type":"rectangle","occluded":false,"outside":false,"z_order":0,"rotation":0.0,"points":[17.763484023629644,194.99142742733238,120.76462589837683,265.7359839462879],"frame":21,"group":0,"source":"manual","attributes":[],"elements":[],"label":"car"},{"type":"rectangle","occluded":false,"outside":false,"z_order":0,"rotation":0.0,"points":[195.17470348049028,129.7451525031156,252.72338417207538,176.66382211154087],"frame":21,"group":0,"source":"manual","attributes":[],"elements":[],"label":"car"},{"type":"rectangle","occluded":false,"outside":false,"z_order":0,"rotation":0.0,"points":[198.10712033101663,210.75316799891334,291.5779074415532,263.17011920207733],"frame":21,"group":0,"source":"manual","attributes":[],"elements":[],"label":"car"},{"type":"rectangle","occluded":false,"outside":false,"z_order":0,"rotation":0.0,"points":[127.72911591837874,115.08306825048203,174.647785526804,161.6351857525915],"frame":21,"group":0,"source":"manual","attributes":[],"elements":[],"label":"car"},{"type":"rectangle","occluded":false,"outside":false,"z_order":0,"rotation":0.0,"points":[73.80000000000109,162.3681640625,146.78986358642578,203.05544786355676],"frame":21,"group":0,"source":"manual","attributes":[],"elements":[],"label":"car"},{"type":"rectangle","occluded":false,"outside":false,"z_order":0,"rotation":0.0,"points":[4.934160302576856,173.73140526101452,74.94561260890077,266.83564026523527],"frame":22,"group":0,"source":"manual","attributes":[],"elements":[],"label":"car"},{"type":"rectangle","occluded":false,"outside":false,"z_order":0,"rotation":0.0,"points":[56.61800729310744,111.78409929363988,98.77149951942738,165.30070681575125],"frame":22,"group":0,"source":"manual","attributes":[],"elements":[],"label":"car"},{"type":"rectangle","occluded":false,"outside":false,"z_order":0,"rotation":0.0,"points":[39.02350618994751,103.71995295469242,77.8780294594253,139.27550726732807],"frame":22,"group":0,"source":"manual","attributes":[],"elements":[],"label":"car"},{"type":"rectangle","occluded":false,"outside":false,"z_order":0,"rotation":0.0,"points":[184.17814029101646,199.75660480943952,274.71651055102666,259.8711502452352],"frame":22,"group":0,"source":"manual","attributes":[],"elements":[],"label":"car"},{"type":"rectangle","occluded":false,"outside":false,"z_order":0,"rotation":0.0,"points":[116.36600062258731,155.403799945223,194.0750471615429,203.78867797891144],"frame":22,"group":0,"source":"manual","attributes":[],"elements":[],"label":"car"},{"type":"rectangle","occluded":false,"outside":false,"z_order":0,"rotation":0.0,"points":[2.7348476646820927,152.83793520101244,28.026943000473693,192.79211478943762],"frame":22,"group":0,"source":"manual","attributes":[],"elements":[],"label":"car"},{"type":"rectangle","occluded":false,"outside":false,"z_order":0,"rotation":0.0,"points":[178.31330658996194,107.38547401785036,203.97195403206933,145.50689307469656],"frame":22,"group":0,"source":"manual","attributes":[],"elements":[],"label":"car"},{"type":"rectangle","occluded":false,"outside":false,"z_order":0,"rotation":0.0,"points":[122.23083432364183,108.48513033679774,148.9891380846966,141.47481990522283],"frame":23,"group":0,"source":"manual","attributes":[],"elements":[],"label":"car"},{"type":"rectangle","occluded":false,"outside":false,"z_order":0,"rotation":0.0,"points":[133.59394961943144,133.41067356627354,200.3064329689114,173.36485315469872],"frame":23,"group":0,"source":"manual","attributes":[],"elements":[],"label":"car"},{"type":"rectangle","occluded":false,"outside":false,"z_order":0,"rotation":0.0,"points":[96.9384765625,170.8000000000011,169.14924150671868,221.7498664855957],"frame":23,"group":0,"source":"manual","attributes":[],"elements":[],"label":"car"},{"type":"rectangle","occluded":false,"outside":false,"z_order":0,"rotation":0.0,"points":[195.908203125,183.6279296875,241.72721641447788,284.10000000000036],"frame":23,"group":0,"source":"manual","attributes":[],"elements":[],"label":"car"},{"type":"rectangle","occluded":false,"outside":false,"z_order":0,"rotation":0.0,"points":[43.055579359423064,116.915828782061,109.03495849627143,166.76691524101443],"frame":23,"group":0,"source":"manual","attributes":[],"elements":[],"label":"car"},{"type":"rectangle","occluded":false,"outside":false,"z_order":0,"rotation":0.0,"points":[3.1013997709978867,168.9662278789092,66.1483620573199,236.77836754733653],"frame":23,"group":0,"source":"manual","attributes":[],"elements":[],"label":"car"},{"type":"rectangle","occluded":false,"outside":false,"z_order":0,"rotation":0.0,"points":[219.7336946036521,131.57791303469457,251.62372785312982,182.5286558125954],"frame":23,"group":0,"source":"manual","attributes":[],"elements":[],"label":"car"},{"type":"rectangle","occluded":false,"outside":false,"z_order":0,"rotation":0.0,"points":[3.1013997709978867,217.35110591259763,74.21250839626919,289.9284229631321],"frame":24,"group":0,"source":"manual","attributes":[],"elements":[],"label":"car"},{"type":"rectangle","occluded":false,"outside":false,"z_order":0,"rotation":0.0,"points":[34.99143302047378,171.16554051680396,92.17356160574309,211.48627221154493],"frame":24,"group":0,"source":"manual","attributes":[],"elements":[],"label":"car"},{"type":"rectangle","occluded":false,"outside":false,"z_order":0,"rotation":0.0,"points":[212.4026524773344,170.79898841048816,241.72682098259975,223.58249171996795],"frame":24,"group":0,"source":"manual","attributes":[],"elements":[],"label":"car"},{"type":"rectangle","occluded":false,"outside":false,"z_order":0,"rotation":0.0,"points":[173.18157710154082,143.6741325431176,198.84022454364822,190.59280215154286],"frame":24,"group":0,"source":"manual","attributes":[],"elements":[],"label":"car"},{"type":"rectangle","occluded":false,"outside":false,"z_order":0,"rotation":0.0,"points":[188.576765566806,230.54698173996803,229.63060147417855,315.5870704052395],"frame":24,"group":0,"source":"manual","attributes":[],"elements":[],"label":"car"},{"type":"rectangle","occluded":false,"outside":false,"z_order":0,"rotation":0.0,"points":[120.76462589837865,142.5744762241702,147.88948176574922,182.5286558125954],"frame":24,"group":0,"source":"manual","attributes":[],"elements":[],"label":"car"},{"type":"rectangle","occluded":false,"outside":false,"z_order":0,"rotation":0.0,"points":[87.40838422363777,129.3786003967998,111.96737534679778,174.0979573673303],"frame":24,"group":0,"source":"manual","attributes":[],"elements":[],"label":"car"},{"type":"rectangle","occluded":false,"outside":false,"z_order":0,"rotation":0.0,"points":[3.8349609375,217.40000000000146,72.38020481855892,288.8284912109375],"frame":25,"group":0,"source":"manual","attributes":[],"elements":[],"label":"car"},{"type":"rectangle","occluded":false,"outside":false,"z_order":0,"rotation":0.0,"points":[87.04183211732197,129.7451525031156,112.33392745311357,173.36485315469872],"frame":25,"group":0,"source":"manual","attributes":[],"elements":[],"label":"car"},{"type":"rectangle","occluded":false,"outside":false,"z_order":0,"rotation":0.0,"points":[203.60540192575536,199.02350059680612,267.38546842470896,239.71078439786288],"frame":25,"group":0,"source":"manual","attributes":[],"elements":[],"label":"car"},{"type":"rectangle","occluded":false,"outside":false,"z_order":0,"rotation":0.0,"points":[121.49773011101024,141.10826779890704,147.88948176574922,181.0624473873322],"frame":25,"group":0,"source":"manual","attributes":[],"elements":[],"label":"car"},{"type":"rectangle","occluded":false,"outside":false,"z_order":0,"rotation":0.0,"points":[190.04297399206916,231.28008595259962,229.26404936786275,316.3201746178711],"frame":25,"group":0,"source":"manual","attributes":[],"elements":[],"label":"car"},{"type":"rectangle","occluded":false,"outside":false,"z_order":0,"rotation":0.0,"points":[34.99143302047378,170.43243630417237,92.54011371205888,211.48627221154493],"frame":25,"group":0,"source":"manual","attributes":[],"elements":[],"label":"car"},{"type":"rectangle","occluded":false,"outside":false,"z_order":0,"rotation":0.0,"points":[173.18157710154082,144.40723675574918,198.84022454364822,189.12659372627968],"frame":25,"group":0,"source":"manual","attributes":[],"elements":[],"label":"car"},{"type":"rectangle","occluded":false,"outside":false,"z_order":0,"rotation":0.0,"points":[173.9146813141724,144.77378886206498,198.47367243733243,190.22625004522706],"frame":26,"group":0,"source":"manual","attributes":[],"elements":[],"label":"car"},{"type":"rectangle","occluded":false,"outside":false,"z_order":0,"rotation":0.0,"points":[2.7348476646820927,216.98455380628184,72.37974786469022,291.0280792820795],"frame":26,"group":0,"source":"manual","attributes":[],"elements":[],"label":"car"},{"type":"rectangle","occluded":false,"outside":false,"z_order":0,"rotation":0.0,"points":[86.30872790469039,129.3786003967998,110.8677190278504,173.73140526101452],"frame":26,"group":0,"source":"manual","attributes":[],"elements":[],"label":"car"},{"type":"rectangle","occluded":false,"outside":false,"z_order":0,"rotation":0.0,"points":[190.40952609838496,229.81387752733644,229.26404936786275,316.3201746178711],"frame":26,"group":0,"source":"manual","attributes":[],"elements":[],"label":"car"},{"type":"rectangle","occluded":false,"outside":false,"z_order":0,"rotation":0.0,"points":[120.76462589837865,141.47481990522283,147.88948176574922,181.428999493648],"frame":26,"group":0,"source":"manual","attributes":[],"elements":[],"label":"car"},{"type":"rectangle","occluded":false,"outside":false,"z_order":0,"rotation":0.0,"points":[35.724537233105366,170.79898841048816,94.73942634995365,211.85282431786072],"frame":26,"group":0,"source":"manual","attributes":[],"elements":[],"label":"car"},{"type":"rectangle","occluded":false,"outside":false,"z_order":0,"rotation":0.0,"points":[112.70047955942937,224.68214803891533,151.55500282890716,307.52292406629203],"frame":26,"group":0,"source":"manual","attributes":[],"elements":[],"label":"car"},{"type":"rectangle","occluded":false,"outside":false,"z_order":0,"rotation":0.0,"points":[193.7084950552271,189.12659372627968,249.42441521523324,226.8814606768101],"frame":27,"group":0,"source":"manual","attributes":[],"elements":[],"label":"car"},{"type":"rectangle","occluded":false,"outside":false,"z_order":0,"rotation":0.0,"points":[120.03152168574525,143.6741325431176,146.78982544680002,176.6638221115427],"frame":27,"group":0,"source":"manual","attributes":[],"elements":[],"label":"car"},{"type":"rectangle","occluded":false,"outside":false,"z_order":0,"rotation":0.0,"points":[190.40952609838496,230.91353384628383,229.26404936786275,316.6867267241869],"frame":27,"group":0,"source":"manual","attributes":[],"elements":[],"label":"car"},{"type":"rectangle","occluded":false,"outside":false,"z_order":0,"rotation":0.0,"points":[114.53324009100834,223.94904382628374,151.92155493522296,308.2560282789236],"frame":27,"group":0,"source":"manual","attributes":[],"elements":[],"label":"car"},{"type":"rectangle","occluded":false,"outside":false,"z_order":0,"rotation":0.0,"points":[86.67528001100618,128.64549618416822,111.96737534679778,175.1976136862777],"frame":27,"group":0,"source":"manual","attributes":[],"elements":[],"label":"car"},{"type":"rectangle","occluded":false,"outside":false,"z_order":0,"rotation":0.0,"points":[173.18157710154082,144.40723675574918,198.47367243733243,189.12659372627968],"frame":27,"group":0,"source":"manual","attributes":[],"elements":[],"label":"car"},{"type":"rectangle","occluded":false,"outside":false,"z_order":0,"rotation":0.0,"points":[107.20219796469246,172.99830104838293,170.61571235733027,211.85282431786072],"frame":27,"group":0,"source":"manual","attributes":[],"elements":[],"label":"car"},{"type":"rectangle","occluded":false,"outside":false,"z_order":0,"rotation":0.0,"points":[35.35798512678957,171.53209262311975,92.54011371205888,212.21937642417652],"frame":27,"group":0,"source":"manual","attributes":[],"elements":[],"label":"car"},{"type":"rectangle","occluded":false,"outside":false,"z_order":0,"rotation":0.0,"points":[3.1013997709978867,216.61800169996604,73.1128520773218,290.6615271757637],"frame":27,"group":0,"source":"manual","attributes":[],"elements":[],"label":"car"},{"type":"rectangle","occluded":false,"outside":false,"z_order":0,"rotation":0.0,"points":[107.93530217732405,173.36485315469872,168.7829518257513,213.3190327431239],"frame":28,"group":0,"source":"manual","attributes":[],"elements":[],"label":"car"},{"type":"rectangle","occluded":false,"outside":false,"z_order":0,"rotation":0.0,"points":[3.8345039836294745,218.450762231545,72.3797478646884,289.5618708568163],"frame":28,"group":0,"source":"manual","attributes":[],"elements":[],"label":"car"},{"type":"rectangle","occluded":false,"outside":false,"z_order":0,"rotation":0.0,"points":[194.0750471615429,189.85969793891127,248.32475889628586,226.5149085704943],"frame":28,"group":0,"source":"manual","attributes":[],"elements":[],"label":"car"},{"type":"rectangle","occluded":false,"outside":false,"z_order":0,"rotation":0.0,"points":[174.647785526804,144.0406846494334,198.84022454364822,190.59280215154286],"frame":28,"group":0,"source":"manual","attributes":[],"elements":[],"label":"car"},{"type":"rectangle","occluded":false,"outside":false,"z_order":0,"rotation":0.0,"points":[115.63289640995572,143.3075804368018,138.72567910785256,177.76347843049007],"frame":28,"group":0,"source":"manual","attributes":[],"elements":[],"label":"car"},{"type":"rectangle","occluded":false,"outside":false,"z_order":0,"rotation":0.0,"points":[36.09108933942116,170.06588419785658,92.90666581837468,212.5859285304923],"frame":28,"group":0,"source":"manual","attributes":[],"elements":[],"label":"car"},{"type":"rectangle","occluded":false,"outside":false,"z_order":0,"rotation":0.0,"points":[114.533203125,224.3000000000011,151.18841375658303,308.2564468383789],"frame":28,"group":0,"source":"manual","attributes":[],"elements":[],"label":"car"},{"type":"rectangle","occluded":false,"outside":false,"z_order":0,"rotation":0.0,"points":[236.96164360049443,244.10940967365423,317.2365548836606,295.42670455787083],"frame":28,"group":0,"source":"manual","attributes":[],"elements":[],"label":"car"},{"type":"rectangle","occluded":false,"outside":false,"z_order":0,"rotation":0.0,"points":[78.6111336720569,223.94904382628374,147.15637755311582,282.23082873050043],"frame":29,"group":0,"source":"manual","attributes":[],"elements":[],"label":"car"},{"type":"rectangle","occluded":false,"outside":false,"z_order":0,"rotation":0.0,"points":[170.98226446364606,245.2090659926016,251.2571757468122,297.9925693020814],"frame":29,"group":0,"source":"manual","attributes":[],"elements":[],"label":"car"},{"type":"rectangle","occluded":false,"outside":false,"z_order":0,"rotation":0.0,"points":[115.99944851627151,144.77378886206498,138.35912700153676,178.13003053680586],"frame":29,"group":0,"source":"manual","attributes":[],"elements":[],"label":"car"},{"type":"rectangle","occluded":false,"outside":false,"z_order":0,"rotation":0.0,"points":[175.74744184575138,145.87344518101236,198.47367243733243,181.0624473873322],"frame":29,"group":0,"source":"manual","attributes":[],"elements":[],"label":"car"},{"type":"rectangle","occluded":false,"outside":false,"z_order":0,"rotation":0.0,"points":[82.64320684153245,131.94446514101037,113.06703166574698,167.50001945364602],"frame":29,"group":0,"source":"manual","attributes":[],"elements":[],"label":"car"},{"type":"rectangle","occluded":false,"outside":false,"z_order":0,"rotation":0.0,"points":[128.82877223732612,174.0979573673303,181.9788276531217,206.3545427231238],"frame":29,"group":0,"source":"manual","attributes":[],"elements":[],"label":"car"},{"type":"rectangle","occluded":false,"outside":false,"z_order":0,"rotation":0.0,"points":[4.2010560899452685,204.15523008522905,55.518350974161876,287.72911032523734],"frame":29,"group":0,"source":"manual","attributes":[],"elements":[],"label":"car"},{"type":"rectangle","occluded":false,"outside":false,"z_order":0,"rotation":0.0,"points":[192.24228662996393,178.13003053680404,246.1254462583911,208.92040746733437],"frame":30,"group":0,"source":"manual","attributes":[],"elements":[],"label":"car"},{"type":"rectangle","occluded":false,"outside":false,"z_order":0,"rotation":0.0,"points":[123.33049064258921,218.08421012522922,188.94331767312178,266.83564026523345],"frame":30,"group":0,"source":"manual","attributes":[],"elements":[],"label":"car"},{"type":"rectangle","occluded":false,"outside":false,"z_order":0,"rotation":0.0,"points":[41.95592304047568,231.6466380589154,111.6008232404838,289.1953187505005],"frame":30,"group":0,"source":"manual","attributes":[],"elements":[],"label":"car"},{"type":"rectangle","occluded":false,"outside":false,"z_order":0,"rotation":0.0,"points":[83.00975894784824,137.80929884206307,114.53324009101016,183.99486423785675],"frame":30,"group":0,"source":"manual","attributes":[],"elements":[],"label":"car"},{"type":"rectangle","occluded":false,"outside":false,"z_order":0,"rotation":0.0,"points":[151.18845072259137,148.43930992522291,176.48054605838297,185.46107266312174],"frame":30,"group":0,"source":"manual","attributes":[],"elements":[],"label":"car"},{"type":"rectangle","occluded":false,"outside":false,"z_order":0,"rotation":0.0,"points":[208.73713141417647,204.15523008522905,265.9192599994458,238.24457597260152],"frame":30,"group":0,"source":"manual","attributes":[],"elements":[],"label":"car"},{"type":"rectangle","occluded":false,"outside":false,"z_order":0,"rotation":0.0,"points":[225.23197619838902,244.10940967365423,310.6386169699763,299.82532983366036],"frame":30,"group":0,"source":"manual","attributes":[],"elements":[],"label":"car"},{"type":"rectangle","occluded":false,"outside":false,"z_order":0,"rotation":0.0,"points":[81.54355052258506,100.42098399784845,112.3339274531154,146.60654939364213],"frame":31,"group":0,"source":"manual","attributes":[],"elements":[],"label":"car"},{"type":"rectangle","occluded":false,"outside":false,"z_order":0,"rotation":0.0,"points":[94.37287424363785,208.55385536101858,168.4163997194355,265.3694318399721],"frame":31,"group":0,"source":"manual","attributes":[],"elements":[],"label":"car"},{"type":"rectangle","occluded":false,"outside":false,"z_order":0,"rotation":0.0,"points":[220.1002467099679,176.29727000522507,275.81616686997404,210.75316799891334],"frame":31,"group":0,"source":"manual","attributes":[],"elements":[],"label":"car"},{"type":"rectangle","occluded":false,"outside":false,"z_order":0,"rotation":0.0,"points":[199.93988086259742,147.70620571259133,253.82304049102459,177.39692632417245],"frame":31,"group":0,"source":"manual","attributes":[],"elements":[],"label":"car"},{"type":"rectangle","occluded":false,"outside":false,"z_order":0,"rotation":0.0,"points":[3.8345039836294745,182.89520791891118,59.55042414363561,236.04526333470676],"frame":31,"group":0,"source":"manual","attributes":[],"elements":[],"label":"car"},{"type":"rectangle","occluded":false,"outside":false,"z_order":0,"rotation":0.0,"points":[182.7119318657533,206.3545427231238,263.3533952552352,259.8711502452352],"frame":31,"group":0,"source":"manual","attributes":[],"elements":[],"label":"car"},{"type":"rectangle","occluded":false,"outside":false,"z_order":0,"rotation":0.0,"points":[150.088794403644,115.08306825048203,173.18157710154082,153.57103941364403],"frame":31,"group":0,"source":"manual","attributes":[],"elements":[],"label":"car"},{"type":"rectangle","occluded":false,"outside":false,"z_order":0,"rotation":0.0,"points":[176.84709816469876,161.26863364627752,231.8299141120733,195.7245316399658],"frame":32,"group":0,"source":"manual","attributes":[],"elements":[],"label":"car"},{"type":"rectangle","occluded":false,"outside":false,"z_order":0,"rotation":0.0,"points":[180.87917133417432,199.02350059680612,246.4919983647069,247.04182652417876],"frame":32,"group":0,"source":"manual","attributes":[],"elements":[],"label":"car"},{"type":"rectangle","occluded":false,"outside":false,"z_order":0,"rotation":0.0,"points":[83.37631105416403,209.65351167996596,158.15294074259327,258.771493926286],"frame":32,"group":0,"source":"manual","attributes":[],"elements":[],"label":"car"},{"type":"rectangle","occluded":false,"outside":false,"z_order":0,"rotation":0.0,"points":[111.23427113416619,110.6844429746925,134.69360593837882,145.50689307469656],"frame":32,"group":0,"source":"manual","attributes":[],"elements":[],"label":"car"},{"type":"rectangle","occluded":false,"outside":false,"z_order":0,"rotation":0.0,"points":[71.28009154574102,142.941028330486,132.86084540679985,182.5286558125954],"frame":32,"group":0,"source":"manual","attributes":[],"elements":[],"label":"car"},{"type":"rectangle","occluded":false,"outside":false,"z_order":0,"rotation":0.0,"points":[44.52178778468624,107.75202612416615,81.17699841626927,145.50689307469656],"frame":32,"group":0,"source":"manual","attributes":[],"elements":[],"label":"car"},{"type":"rectangle","occluded":false,"outside":false,"z_order":0,"rotation":0.0,"points":[154.12086757311772,118.01548510100838,176.84709816469876,160.53552943364411],"frame":32,"group":0,"source":"manual","attributes":[],"elements":[],"label":"car"},{"type":"rectangle","occluded":false,"outside":false,"z_order":0,"rotation":0.0,"points":[3.1013997709978867,175.1976136862777,38.656954083633536,249.60769126839114],"frame":33,"group":0,"source":"manual","attributes":[],"elements":[],"label":"car"},{"type":"rectangle","occluded":false,"outside":false,"z_order":0,"rotation":0.0,"points":[213.135756689966,137.80929884206307,270.6844373815511,170.79898841048816],"frame":33,"group":0,"source":"manual","attributes":[],"elements":[],"label":"car"},{"type":"rectangle","occluded":false,"outside":false,"z_order":0,"rotation":0.0,"points":[183.07848397206908,189.49314583259547,240.99371676996998,233.47939859049438],"frame":33,"group":0,"source":"manual","attributes":[],"elements":[],"label":"car"},{"type":"rectangle","occluded":false,"outside":false,"z_order":0,"rotation":0.0,"points":[48.55386095415997,130.844808822063,107.56875007100825,168.2331236662776],"frame":33,"group":0,"source":"manual","attributes":[],"elements":[],"label":"car"},{"type":"rectangle","occluded":false,"outside":false,"z_order":0,"rotation":0.0,"points":[116.36600062258731,151.37172677574927,175.3808897394356,190.95935425785865],"frame":33,"group":0,"source":"manual","attributes":[],"elements":[],"label":"car"},{"type":"rectangle","occluded":false,"outside":false,"z_order":0,"rotation":0.0,"points":[56.98455939942323,195.35797953364818,130.6615327689051,245.2090659926016],"frame":33,"group":0,"source":"manual","attributes":[],"elements":[],"label":"car"},{"type":"rectangle","occluded":false,"outside":false,"z_order":0,"rotation":0.0,"points":[2.7348476646820927,102.98684874206083,24.361421937315754,169.69933209154078],"frame":34,"group":0,"source":"manual","attributes":[],"elements":[],"label":"car"},{"type":"rectangle","occluded":false,"outside":false,"z_order":0,"rotation":0.0,"points":[40.900000000001455,118.3818359375,131.39442443847656,177.39672505434828],"frame":34,"group":0,"source":"manual","attributes":[],"elements":[],"label":"car"},{"type":"rectangle","occluded":false,"outside":false,"z_order":0,"rotation":0.0,"points":[196.27435979943766,123.8803188020629,267.38546842470896,175.9307178989111],"frame":34,"group":0,"source":"manual","attributes":[],"elements":[],"label":"car"},{"type":"rectangle","occluded":false,"outside":false,"z_order":0,"rotation":0.0,"points":[114.89979219732413,82.82648289469034,186.74400503522702,131.21136092837878],"frame":34,"group":0,"source":"manual","attributes":[],"elements":[],"label":"car"},{"type":"rectangle","occluded":false,"outside":false,"z_order":0,"rotation":0.0,"points":[229.63060147417855,78.427857618899,294.51032429207953,119.48169352627156],"frame":34,"group":0,"source":"manual","attributes":[],"elements":[],"label":"car"},{"type":"rectangle","occluded":false,"outside":false,"z_order":0,"rotation":0.0,"points":[36.457641445736954,62.299564941004064,104.63633322048008,104.8196092736398],"frame":34,"group":0,"source":"manual","attributes":[],"elements":[],"label":"car"},{"type":"rectangle","occluded":false,"outside":false,"z_order":0,"rotation":0.0,"points":[147.15637755311764,174.0979573673303,223.03266356049426,219.1838664441766],"frame":35,"group":0,"source":"manual","attributes":[],"elements":[],"label":"car"},{"type":"rectangle","occluded":false,"outside":false,"z_order":0,"rotation":0.0,"points":[143.1243043836439,122.78066248311552,168.7829518257513,167.8665715599618],"frame":35,"group":0,"source":"manual","attributes":[],"elements":[],"label":"car"},{"type":"rectangle","occluded":false,"outside":false,"z_order":0,"rotation":0.0,"points":[25.8271484375,206.720703125,117.46517501645758,271.60000000000036],"frame":35,"group":0,"source":"manual","attributes":[],"elements":[],"label":"car"},{"type":"rectangle","occluded":false,"outside":false,"z_order":0,"rotation":0.0,"points":[3.4679518773136806,170.79898841048816,36.45764144573877,235.31215912207335],"frame":35,"group":0,"source":"manual","attributes":[],"elements":[],"label":"car"},{"type":"rectangle","occluded":false,"outside":false,"z_order":0,"rotation":0.0,"points":[219.40000000000146,223.94921875,302.57447052001953,283.3306599731641],"frame":35,"group":0,"source":"manual","attributes":[],"elements":[],"label":"car"},{"type":"rectangle","occluded":false,"outside":false,"z_order":0,"rotation":0.0,"points":[102.80357268890293,133.77722567258934,135.79326225732802,183.99486423785856],"frame":35,"group":0,"source":"manual","attributes":[],"elements":[],"label":"car"},{"type":"rectangle","occluded":false,"outside":false,"z_order":0,"rotation":0.0,"points":[166.58363918785653,171.53209262311975,241.72682098260157,215.51834538101866],"frame":36,"group":0,"source":"manual","attributes":[],"elements":[],"label":"car"},{"type":"rectangle","occluded":false,"outside":false,"z_order":0,"rotation":0.0,"points":[56.251455186791645,199.02350059680612,143.12430438364208,258.4049418199702],"frame":36,"group":0,"source":"manual","attributes":[],"elements":[],"label":"car"},{"type":"rectangle","occluded":false,"outside":false,"z_order":0,"rotation":0.0,"points":[238.4278520257576,219.1838664441766,315.7703464583974,276.3659950294459],"frame":36,"group":0,"source":"manual","attributes":[],"elements":[],"label":"car"},{"type":"rectangle","occluded":false,"outside":false,"z_order":0,"rotation":0.0,"points":[6.400368727840032,165.66725892206705,62.11628888784617,227.61456488944168],"frame":36,"group":0,"source":"manual","attributes":[],"elements":[],"label":"car"},{"type":"rectangle","occluded":false,"outside":false,"z_order":0,"rotation":0.0,"points":[159.61914916785463,122.41411037679973,184.91124450364623,165.30070681575125],"frame":36,"group":0,"source":"manual","attributes":[],"elements":[],"label":"car"},{"type":"rectangle","occluded":false,"outside":false,"z_order":0,"rotation":0.0,"points":[122.59738642995762,133.04412145995775,151.92155493522296,178.49658264311984],"frame":36,"group":0,"source":"manual","attributes":[],"elements":[],"label":"car"},{"type":"rectangle","occluded":false,"outside":false,"z_order":0,"rotation":0.0,"points":[122.23083432364183,141.84137201153862,169.51605603838289,174.09795736733213],"frame":37,"group":0,"source":"manual","attributes":[],"elements":[],"label":"car"},{"type":"rectangle","occluded":false,"outside":false,"z_order":0,"rotation":0.0,"points":[133.20000000000073,193.8916015625,168.05023574829102,275.6327212709293],"frame":37,"group":0,"source":"manual","attributes":[],"elements":[],"label":"car"},{"type":"rectangle","occluded":false,"outside":false,"z_order":0,"rotation":0.0,"points":[27.6603908941579,126.44618354627346,82.27665473521665,159.06932100838276],"frame":37,"group":0,"source":"manual","attributes":[],"elements":[],"label":"car"},{"type":"rectangle","occluded":false,"outside":false,"z_order":0,"rotation":0.0,"points":[196.64091190575346,142.941028330486,228.89749726154696,182.1621037062796],"frame":37,"group":0,"source":"manual","attributes":[],"elements":[],"label":"car"},{"type":"rectangle","occluded":false,"outside":false,"z_order":0,"rotation":0.0,"points":[4.2010560899452685,142.20792411785442,36.09108933942298,176.6638221115427],"frame":37,"group":0,"source":"manual","attributes":[],"elements":[],"label":"car"},{"type":"rectangle","occluded":false,"outside":false,"z_order":0,"rotation":0.0,"points":[21.795557193105196,170.79898841048816,87.40838422363777,207.4541990420712],"frame":37,"group":0,"source":"manual","attributes":[],"elements":[],"label":"car"},{"type":"rectangle","occluded":false,"outside":false,"z_order":0,"rotation":0.0,"points":[176.11399395206718,195.35797953364818,209.47023562680806,280.39806819891965],"frame":38,"group":0,"source":"manual","attributes":[],"elements":[],"label":"car"},{"type":"rectangle","occluded":false,"outside":false,"z_order":0,"rotation":0.0,"points":[41.222818827844094,157.60311258311776,96.93873898785023,199.3900527031219],"frame":38,"group":0,"source":"manual","attributes":[],"elements":[],"label":"car"},{"type":"rectangle","occluded":false,"outside":false,"z_order":0,"rotation":0.0,"points":[138.35912700153676,151.37172677574927,186.3774529289094,183.99486423785856],"frame":38,"group":0,"source":"manual","attributes":[],"elements":[],"label":"car"},{"type":"rectangle","occluded":false,"outside":false,"z_order":0,"rotation":0.0,"points":[57.71766361205482,127.17928775890505,109.03495849627143,158.33621679575117],"frame":38,"group":0,"source":"manual","attributes":[],"elements":[],"label":"car"},{"type":"rectangle","occluded":false,"outside":false,"z_order":0,"rotation":0.0,"points":[124.4301469615366,208.55385536101858,163.2846702310144,298.3591214083972],"frame":38,"group":0,"source":"manual","attributes":[],"elements":[],"label":"car"},{"type":"rectangle","occluded":false,"outside":false,"z_order":0,"rotation":0.0,"points":[17.763484023629644,222.84938750733636,78.2445815657411,306.42326774734465],"frame":38,"group":0,"source":"manual","attributes":[],"elements":[],"label":"car"},{"type":"rectangle","occluded":false,"outside":false,"z_order":0,"rotation":0.0,"points":[220.5,133.0439453125,254.55609512329102,182.52847966513582],"frame":39,"group":0,"source":"manual","attributes":[],"elements":[],"label":"car"},{"type":"rectangle","occluded":false,"outside":false,"z_order":0,"rotation":0.0,"points":[85.5756236920588,109.21823454942933,139.45878332048596,146.60654939364395],"frame":39,"group":0,"source":"manual","attributes":[],"elements":[],"label":"car"},{"type":"rectangle","occluded":false,"outside":false,"z_order":0,"rotation":0.0,"points":[3.8345039836294745,122.41411037679973,45.25489199731783,160.90208153996173],"frame":39,"group":0,"source":"manual","attributes":[],"elements":[],"label":"car"},{"type":"rectangle","occluded":false,"outside":false,"z_order":0,"rotation":0.0,"points":[141.65809595838073,131.21136092837878,201.7726413941764,174.8310615799619],"frame":39,"group":0,"source":"manual","attributes":[],"elements":[],"label":"car"},{"type":"rectangle","occluded":false,"outside":false,"z_order":0,"rotation":0.0,"points":[4.567608196261062,101.88719242311345,51.486277804686324,138.90895516101227],"frame":39,"group":0,"source":"manual","attributes":[],"elements":[],"label":"car"},{"type":"rectangle","occluded":false,"outside":false,"z_order":0,"rotation":0.0,"points":[205.07161035101853,176.29727000522507,267.38546842470896,214.41868906207128],"frame":40,"group":0,"source":"manual","attributes":[],"elements":[],"label":"car"},{"type":"rectangle","occluded":false,"outside":false,"z_order":0,"rotation":0.0,"points":[30.5927734375,134.5107421875,69.40000000000146,209.65392398224503],"frame":40,"group":0,"source":"manual","attributes":[],"elements":[],"label":"car"},{"type":"rectangle","occluded":false,"outside":false,"z_order":0,"rotation":0.0,"points":[114.16668798469254,170.06588419785658,174.2812334204882,215.88489748733446],"frame":41,"group":0,"source":"manual","attributes":[],"elements":[],"label":"car"},{"type":"rectangle","occluded":false,"outside":false,"z_order":0,"rotation":0.0,"points":[29.126599319421075,136.3430904167999,69.08077890784625,214.0521369557555],"frame":41,"group":0,"source":"manual","attributes":[],"elements":[],"label":"car"},{"type":"rectangle","occluded":false,"outside":false,"z_order":0,"rotation":0.0,"points":[30.959359851000045,135.6099862041683,68.71422680153046,211.48627221154493],"frame":42,"group":0,"source":"manual","attributes":[],"elements":[],"label":"car"},{"type":"rectangle","occluded":false,"outside":false,"z_order":0,"rotation":0.0,"points":[66.5149141636357,96.38891082837472,123.33049064258921,132.31101724732616],"frame":42,"group":0,"source":"manual","attributes":[],"elements":[],"label":"car"},{"type":"rectangle","occluded":false,"outside":false,"z_order":0,"rotation":0.0,"points":[180.51261922785852,45.438168050475724,206.5378187762817,105.18616137995559],"frame":43,"group":0,"source":"manual","attributes":[],"elements":[],"label":"car"},{"type":"rectangle","occluded":false,"outside":false,"z_order":0,"rotation":0.0,"points":[29.100000000000364,136.3427734375,68.34764099121094,214.0518199764556],"frame":43,"group":0,"source":"manual","attributes":[],"elements":[],"label":"car"},{"type":"rectangle","occluded":false,"outside":false,"z_order":0,"rotation":0.0,"points":[147.88948176574922,42.50575119994937,172.81502499522503,101.15408821048186],"frame":44,"group":0,"source":"manual","attributes":[],"elements":[],"label":"car"},{"type":"rectangle","occluded":false,"outside":false,"z_order":0,"rotation":0.0,"points":[180.14606712154273,45.07161594415993,206.5378187762817,103.71995295469242],"frame":44,"group":0,"source":"manual","attributes":[],"elements":[],"label":"car"},{"type":"rectangle","occluded":false,"outside":false,"z_order":0,"rotation":0.0,"points":[151.92155493522296,106.65236980521877,199.9398808625956,170.43243630417237],"frame":45,"group":0,"source":"manual","attributes":[],"elements":[],"label":"car"},{"type":"rectangle","occluded":false,"outside":false,"z_order":0,"rotation":0.0,"points":[179.41296290890932,45.438168050475724,206.5378187762799,105.18616137995559],"frame":45,"group":0,"source":"manual","attributes":[],"elements":[],"label":"car"},{"type":"rectangle","occluded":false,"outside":false,"z_order":0,"rotation":0.0,"points":[258.9547699794439,71.46336759889891,314.67069013945,105.91926559258718],"frame":46,"group":0,"source":"manual","attributes":[],"elements":[],"label":"car"},{"type":"rectangle","occluded":false,"outside":false,"z_order":0,"rotation":0.0,"points":[220.1002467099679,93.82304608416416,271.0509894878687,146.97310149995974],"frame":47,"group":0,"source":"manual","attributes":[],"elements":[],"label":"car"},{"type":"rectangle","occluded":false,"outside":false,"z_order":0,"rotation":0.0,"points":[130.33163587322088,145.72682433848422,186.7806602458586,185.6810039269094],"frame":49,"group":0,"source":"manual","attributes":[],"elements":[],"label":"car"},{"type":"rectangle","occluded":false,"outside":false,"z_order":0,"rotation":0.0,"points":[176.84709816469876,39.939886455736996,208.0040272015449,103.3534008483748],"frame":50,"group":0,"source":"manual","attributes":[],"elements":[],"label":"car"},{"type":"rectangle","occluded":false,"outside":false,"z_order":0,"rotation":0.0,"points":[178.31330658996194,40.672990668368584,207.27092298891148,102.98684874205901],"frame":51,"group":0,"source":"manual","attributes":[],"elements":[],"label":"car"},{"type":"rectangle","occluded":false,"outside":false,"z_order":0,"rotation":0.0,"points":[133.22739751311565,155.403799945223,191.50918241733234,191.69245847049024],"frame":51,"group":0,"source":"manual","attributes":[],"elements":[],"label":"car"},{"type":"rectangle","occluded":false,"outside":false,"z_order":0,"rotation":0.0,"points":[177.94675448364615,41.40609488100199,208.0040272015449,102.62029663574504],"frame":52,"group":0,"source":"manual","attributes":[],"elements":[],"label":"car"},{"type":"rectangle","occluded":false,"outside":false,"z_order":0,"rotation":0.0,"points":[84.84251947942721,36.27436539257906,111.96737534679778,97.8551192536379],"frame":52,"group":0,"source":"manual","attributes":[],"elements":[],"label":"car"},{"type":"rectangle","occluded":false,"outside":false,"z_order":0,"rotation":0.0,"points":[132.861328125,155.037109375,190.4100088165851,192.8000000000011],"frame":52,"group":0,"source":"manual","attributes":[],"elements":[],"label":"car"}],"tracks":[]}]